nombre,pos,num,alt,nac,edad,lic,tm,codigo,foto
Víctor Claver,A,1,208,España,35,JFL,Valencia Basket,20201901,https://static.acb.com/media/PRO/00/00/50/93/19/0000509319_5-6_03.jpg
Josep Puerto,E,2,199,España,24,JFL,Valencia Basket,20210392,https://static.acb.com/media/PRO/00/00/50/92/20/0000509220_5-6_03.jpg
Nate Reuvers,AP,3,211,EE.UU.,24,EXT,Valencia Basket,30002724,https://static.acb.com/media/PRO/00/00/50/92/96/0000509296_5-6_03.jpg
Jaime Pradilla,AP,4,202,España,22,JFL,Valencia Basket,20211129,https://static.acb.com/media/PRO/00/00/50/91/81/0000509181_5-6_03.jpg
Xabi López-Arostegui,A,6,200,España,26,JFL,Valencia Basket,20211660,https://static.acb.com/media/PRO/00/00/50/93/37/0000509337_5-6_03.jpg
Chris Jones,B,7,188,Armenia,30,EUR,Valencia Basket,30002048,https://static.acb.com/media/PRO/00/00/50/91/22/0000509122_5-6_03.jpg
Guillem Ferrando,B,8,184,España,21,JFL,Valencia Basket,20212102,https://static.acb.com/media/PRO/00/00/50/91/62/0000509162_5-6_03.jpg
Damien Inglis,AP,10,206,Francia,28,EUR,Valencia Basket,30001509,https://static.acb.com/media/PRO/00/00/50/91/43/0000509143_5-6_03.jpg
Stefan Jovic,B,16,198,Serbia,32,EUR,Valencia Basket,30002442,https://static.acb.com/media/PRO/00/00/51/04/64/0000510464_5-6_03.jpg
Boubacar Touré,P,21,213,Senegal,27,COT,Valencia Basket,30002729,https://static.acb.com/media/PRO/00/00/50/90/81/0000509081_5-6_03.jpg
Martin Hermannsson,B,24,190,Islandia,29,EUR,Valencia Basket,30000313,https://static.acb.com/media/PRO/00/00/50/92/77/0000509277_5-6_03.jpg
Kassius Robertson,E,30,190,Jamaica,29,COT,Valencia Basket,30000287,https://static.acb.com/media/PRO/00/00/50/92/50/0000509250_5-6_03.jpg
Brandon Davies,P,32,208,Uganda,32,COT,Valencia Basket,30000019,https://static.acb.com/media/PRO/00/00/50/91/05/0000509105_5-6_03.jpg
Semi Ojeleye,A,37,201,Nigeria,28,COT,Valencia Basket,30002811,https://static.acb.com/media/PRO/00/00/51/04/69/0000510469_5-6_03.jpg
Alejo  Maggi, ,57,0,Italia,21,EUR | INF,Valencia Basket,30002835,/Images/Web/silueta2.gif
Jared Harper,B,0,178,EE.UU.,26,EXT,Valencia Basket,30002061,https://static.acb.com/media/PRO/00/00/50/92/02/0000509202_5-6_03.jpg
Dylan Osetkowski,AP,1,206,Alemania,27,EUR,Unicaja,30001979,https://static.acb.com/media/PRO/00/00/50/72/12/0000507212_5-6_03.jpg
Melvin Ejim,A,3,201,Nigeria,32,COT,Unicaja,30000049,https://static.acb.com/media/PRO/00/00/50/78/85/0000507885_5-6_03.jpg
Tyler Kalinoski,E,4,193,EE.UU.,30,EUR,Unicaja,30001169,https://static.acb.com/media/PRO/00/00/50/74/75/0000507475_5-6_03.jpg
Kameron Taylor,E,6,198,EE.UU.,28,EXT,Unicaja,30001981,https://static.acb.com/media/PRO/00/00/50/73/36/0000507336_5-6_03.jpg
Jonathan Barreiro,A,7,203,España,26,JFL,Unicaja,20200191,https://static.acb.com/media/PRO/00/00/50/72/98/0000507298_5-6_03.jpg
Alberto Díaz,B,9,190,España,29,JFL,Unicaja,20209226,https://static.acb.com/media/PRO/00/00/50/71/00/0000507100_5-6_03.jpg
Tyson Carter,B,11,193,EE.UU.,25,EXT,Unicaja,30001978,https://static.acb.com/media/PRO/00/00/50/74/97/0000507497_5-6_03.jpg
Nihad Djedovic,E,14,197,Alemania,33,JFL,Unicaja,20202039,https://static.acb.com/media/PRO/00/00/50/74/43/0000507443_5-6_03.jpg
Mario Saint-Supery,B,17,194,España,17,JFL | INF,Unicaja,20213210,https://static.acb.com/media/PRO/00/00/50/74/11/0000507411_5-6_03.jpg
Ilimane Diop,P,21,210,España,28,JFL,Unicaja,20209890,https://static.acb.com/media/PRO/00/00/50/72/82/0000507282_5-6_03.jpg
Baba Badji,P,29,206,Senegal,17,JFL | INF,Unicaja,30002052,https://static.acb.com/media/PRO/00/00/50/71/62/0000507162_5-6_03.jpg
Will Thomas,AP,34,203,Georgia,37,EUR,Unicaja,20211316,https://static.acb.com/media/PRO/00/00/50/75/32/0000507532_5-6_03.jpg
David Kravish,P,45,208,Bulgaria,31,EUR,Unicaja,30000023,https://static.acb.com/media/PRO/00/00/50/71/76/0000507176_5-6_03.jpg
Kendrick Perry,B,55,183,Montenegro,30,EUR,Unicaja,30001977,https://static.acb.com/media/PRO/00/00/50/73/70/0000507370_5-6_03.jpg
Yankuba Sima,P,77,211,España,27,JFL,Unicaja,20213230,https://static.acb.com/media/PRO/00/00/50/75/67/0000507567_5-6_03.jpg
Nico Mannion,B,1,190,Italia,22,EUR,Baskonia,30002653,https://static.acb.com/media/PRO/00/00/50/78/05/0000507805_5-6_03.jpg
Sander Raieste,A,2,201,Estonia,24,JFL,Baskonia,20212239,https://static.acb.com/media/PRO/00/00/50/78/46/0000507846_5-6_03.jpg
Tadas Sedekerskis,A,8,206,Lituania,25,JFL,Baskonia,20210830,https://static.acb.com/media/PRO/00/00/51/03/40/0000510340_5-6_03.jpg
Vanja Marinkovic,E,9,198,Serbia,26,EUR,Baskonia,30000045,https://static.acb.com/media/PRO/00/00/51/03/68/0000510368_5-6_03.jpg
Codi Miller-McIntyre,E,10,191,Bulgaria,29,EUR,Baskonia,30001133,https://static.acb.com/media/PRO/00/00/50/76/37/0000507637_5-6_03.jpg
Dani Díez,A,11,201,España,30,JFL,Baskonia,20204156,https://static.acb.com/media/PRO/00/00/50/76/56/0000507656_5-6_03.jpg
Nikos Rogkavopoulos,A,17,201,Grecia,22,EUR,Baskonia,30002650,https://static.acb.com/media/PRO/00/00/50/78/28/0000507828_5-6_03.jpg
Khalifa Diop,P,18,215,Senegal,21,JFL,Baskonia,20212905,https://static.acb.com/media/PRO/00/00/50/77/20/0000507720_5-6_03.jpg
Maik Kotsar,P,21,211,Estonia,26,EUR,Baskonia,30001976,https://static.acb.com/media/PRO/00/00/50/77/43/0000507743_5-6_03.jpg
Matt Costello,P,24,208,Costa de Marfil,30,COT,Baskonia,30000032,https://static.acb.com/media/PRO/00/00/50/77/94/0000507794_5-6_03.jpg
Chima Moneke,AP,95,198,Nigeria,27,COT,Baskonia,30001128,https://static.acb.com/media/PRO/00/00/50/76/16/0000507616_5-6_03.jpg
Markus Howard,B,0,179,EE.UU.,24,EXT,Baskonia,30001957,https://static.acb.com/media/PRO/00/00/50/77/69/0000507769_5-6_03.jpg
Fabien Causeur,A,1,196,Francia,36,EUR,Real Madrid,20210224,https://static.acb.com/media/PRO/00/00/50/67/76/0000506776_5-6_03.jpg
Rudy Fernández,A,5,196,España,38,JFL,Real Madrid,20201540,https://static.acb.com/media/PRO/00/00/50/69/61/0000506961_5-6_03.jpg
Alberto Abalde,A,6,202,España,27,JFL,Real Madrid,20210088,https://static.acb.com/media/PRO/00/00/50/66/48/0000506648_5-6_03.jpg
Facu Campazzo,B,7,181,España,32,EUR,Real Madrid,20211331,https://static.acb.com/media/PRO/00/00/50/68/01/0000506801_5-6_03.jpg
Hugo González,A,9,198,España,17,JFL | INF,Real Madrid,20213252,https://static.acb.com/media/PRO/00/00/50/68/71/0000506871_5-6_03.jpg
Mario Hezonja,A,11,202,Croacia,28,JFL,Real Madrid,20210501,https://static.acb.com/media/PRO/00/00/50/69/17/0000506917_5-6_03.jpg
Sergio Rodríguez,B,13,191,España,37,JFL,Real Madrid,20201730,https://static.acb.com/media/PRO/00/00/50/70/10/0000507010_5-6_03.jpg
Gabriel Deck,A,14,198,Argentina,28,EXT,Real Madrid,20212952,https://static.acb.com/media/PRO/00/00/50/68/26/0000506826_5-6_03.jpg
Vincent Poirier,P,17,213,Francia,29,EUR,Real Madrid,20212416,https://static.acb.com/media/PRO/00/00/50/70/28/0000507028_5-6_03.jpg
Edy Tavares,P,22,220,Cabo Verde,31,JFL,Real Madrid,20209407,https://static.acb.com/media/PRO/00/00/50/70/50/0000507050_5-6_03.jpg
Sergio Llull,E,23,190,España,35,JFL,Real Madrid,20201774,https://static.acb.com/media/PRO/00/00/50/69/88/0000506988_5-6_03.jpg
Guerschon  Yabusele,AP,28,201,Francia,27,EUR,Real Madrid,30001112,https://static.acb.com/media/PRO/00/00/50/68/47/0000506847_5-6_03.jpg
Eli John Ndiaye,AP,30,204,España,19,JFL | INF,Real Madrid,30001229,https://static.acb.com/media/PRO/00/00/50/67/49/0000506749_5-6_03.jpg
Dzanan Musa,A,31,205,Bosnia y Herzegovina,24,EUR,Real Madrid,30001170,https://static.acb.com/media/PRO/00/00/50/67/06/0000506706_5-6_03.jpg
Thomas Scrubb,A,1,198,Reino Unido,32,EUR,Monbus Obradoiro,30001166,https://static.acb.com/media/PRO/00/00/50/81/83/0000508183_5-6_03.jpg
Fernando Zurbriggen,B,5,185,Italia,25,EUR,Monbus Obradoiro,30001167,https://static.acb.com/media/PRO/00/00/50/80/46/0000508046_5-6_03.jpg
Pol Figueras,B,7,185,España,25,JFL,Monbus Obradoiro,20210139,https://static.acb.com/media/PRO/00/00/50/81/11/0000508111_5-6_03.jpg
Eric Washington,B,8,183,Malta,30,EUR,Monbus Obradoiro,30002656,https://static.acb.com/media/PRO/00/00/50/80/16/0000508016_5-6_03.jpg
Marek  Blazevic,P,11,209,Lituania,22,EUR,Monbus Obradoiro,30001998,https://static.acb.com/media/PRO/00/00/50/80/81/0000508081_5-6_03.jpg
Sergi Huguet,A,12,195,España,21,JFL | INF,Monbus Obradoiro,30001270,https://static.acb.com/media/PRO/00/00/50/81/66/0000508166_5-6_03.jpg
Artem Pustovyi,P,13,219,Ucrania,31,EUR,Monbus Obradoiro,20211643,https://static.acb.com/media/PRO/00/00/50/79/94/0000507994_5-6_03.jpg
Rigoberto Mendoza,A,26,191,República Dominicana,31,COT,Monbus Obradoiro,30002655,https://static.acb.com/media/PRO/00/00/50/81/29/0000508129_5-6_03.jpg
Rubén Guerrero,P,32,213,España,27,JFL,Monbus Obradoiro,20210707,https://static.acb.com/media/PRO/00/00/50/81/48/0000508148_5-6_03.jpg
Álvaro Muñoz,A,33,197,España,32,JFL,Monbus Obradoiro,20200282,https://static.acb.com/media/PRO/00/00/50/79/72/0000507972_5-6_03.jpg
Tres Tinkle,AP,44,203,EE.UU.,27,EXT,Monbus Obradoiro,30002703,https://static.acb.com/media/PRO/00/00/50/82/06/0000508206_5-6_03.jpg
Álex Suárez,AP,93,206,España,30,JFL,Monbus Obradoiro,20204146,https://static.acb.com/media/PRO/00/00/50/79/47/0000507947_5-6_03.jpg
Jordan Howard,E,0,180,EE.UU.,27,EXT,Monbus Obradoiro,30002711,https://static.acb.com/media/PRO/00/00/50/99/60/0000509960_5-6_03.jpg
Maxi Fjellerup,E,2,198,Argentina,25,EUR,Bàsquet Girona,30001997,https://static.acb.com/media/PRO/00/00/50/37/53/0000503753_5-6_03.jpg
Eric Vila,A,4,209,España,25,JFL,Bàsquet Girona,20211456,https://static.acb.com/media/PRO/00/00/50/36/21/0000503621_5-6_03.jpg
Yves  Pons,AP,5,200,Francia,24,EUR,Bàsquet Girona,30002671,https://static.acb.com/media/PRO/00/00/50/38/66/0000503866_5-6_03.jpg
Juani Marcos,B,6,190,Italia,23,EUR,Bàsquet Girona,30000108,https://static.acb.com/media/PRO/00/00/50/37/01/0000503701_5-6_03.jpg
Pau  Sala,B,7,194,España,18,JFL | INF,Bàsquet Girona,30002577,https://static.acb.com/media/PRO/00/00/50/37/98/0000503798_5-6_03.jpg
Quino Colom,B,10,188,España,34,JFL,Bàsquet Girona,20202077,https://static.acb.com/media/PRO/00/00/50/37/99/0000503799_5-6_03.jpg
Gyorgy Goloman,P,14,210,Hungría,27,EUR,Bàsquet Girona,30002719,https://static.acb.com/media/PRO/00/00/50/36/41/0000503641_5-6_03.jpg
Markel Brown,E,22,193,EE.UU.,31,EXT,Bàsquet Girona,30002666,https://static.acb.com/media/PRO/00/00/50/37/26/0000503726_5-6_03.jpg
Sergi Martínez,A,23,202,España,24,JFL,Bàsquet Girona,20210335,https://static.acb.com/media/PRO/00/00/50/38/25/0000503825_5-6_03.jpg
Mindaugas  Susinskas,A,29,204,Lituania,28,EUR,Bàsquet Girona,30002674,https://static.acb.com/media/PRO/00/00/50/37/73/0000503773_5-6_03.jpg
Jaume Sorolla,P,35,211,España,26,JFL,Bàsquet Girona,20210852,https://static.acb.com/media/PRO/00/00/50/36/82/0000503682_5-6_03.jpg
Stefan Djordjevic,P,45,206,Serbia,24,EUR,Bàsquet Girona,30002652,https://static.acb.com/media/PRO/00/00/50/38/46/0000503846_5-6_03.jpg
Ike Iroegbu,B,0,188,Nigeria,28,COT,Bàsquet Girona,30002683,https://static.acb.com/media/PRO/00/00/50/36/61/0000503661_5-6_03.jpg
Tyson Pérez,AP,1,202,España,27,JFL,MoraBanc Andorra,30000053,https://static.acb.com/media/PRO/00/00/50/51/44/0000505144_5-6_03.jpg
Markel Starks,B,2,188,EE.UU.,32,EXT,MoraBanc Andorra,30002677,https://static.acb.com/media/PRO/00/00/50/50/09/0000505009_5-6_03.jpg
Rafa Luz,B,5,188,España,31,JFL,MoraBanc Andorra,20200274,https://static.acb.com/media/PRO/00/00/50/50/81/0000505081_5-6_03.jpg
Juan Rubio,A,7,197,España,27,JFL,MoraBanc Andorra,20210544,https://static.acb.com/media/PRO/00/00/50/49/70/0000504970_5-6_03.jpg
Tobias Borg,E,8,184,Suecia,29,EUR,MoraBanc Andorra,20211333,https://static.acb.com/media/PRO/00/00/50/51/25/0000505125_5-6_03.jpg
Nacho Llovet,AP,9,202,España,32,JFL,MoraBanc Andorra,20203810,https://static.acb.com/media/PRO/00/00/50/50/50/0000505050_5-6_03.jpg
Stan Okoye,A,11,198,Nigeria,32,COT,MoraBanc Andorra,20212966,https://static.acb.com/media/PRO/00/00/50/51/01/0000505101_5-6_03.jpg
Felipe Dos Anjos,P,23,218,España,25,JFL,MoraBanc Andorra,20210122,https://static.acb.com/media/PRO/00/00/51/00/04/0000510004_5-6_03.jpg
Adam Somogyi,B,30,193,Hungría,23,JFL,MoraBanc Andorra,30001091,https://static.acb.com/media/PRO/00/00/50/49/20/0000504920_5-6_03.jpg
Marin Maric,P,34,211,Croacia,29,EUR,MoraBanc Andorra,30002694,https://static.acb.com/media/PRO/00/00/50/49/92/0000504992_5-6_03.jpg
Andrew Goudelock,A,00,191,EE.UU.,34,EXT,MoraBanc Andorra,30001111,https://static.acb.com/media/PRO/00/00/50/49/39/0000504939_5-6_03.jpg
Mihajlo Andric,AP,0,201,Serbia,29,EUR,MoraBanc Andorra,30002695,https://static.acb.com/media/PRO/00/00/50/50/29/0000505029_5-6_03.jpg
Matt  Haarms,P,3,221,Países Bajos,26,EUR,Zunder Palencia,30002712,https://static.acb.com/media/PRO/00/00/50/84/40/0000508440_5-6_03.jpg
Chumi Ortega,E,5,190,España,26,JFL,Zunder Palencia,20210959,https://static.acb.com/media/PRO/00/00/50/83/00/0000508300_5-6_03.jpg
Keye Van der Vuurst,B,6,191,Países Bajos,21,EUR,Zunder Palencia,30002691,https://static.acb.com/media/PRO/00/00/50/83/45/0000508345_5-6_03.jpg
Brandon Brown,B,7,185,EE.UU.,34,EXT,Zunder Palencia,30002690,https://static.acb.com/media/PRO/00/00/50/82/44/0000508244_5-6_03.jpg
Vitor Benite,E,8,194,Italia,33,EUR,Zunder Palencia,20211641,https://static.acb.com/media/PRO/00/00/50/85/06/0000508506_5-6_03.jpg
Mathieu Kamba,A,9,196,Rep. Democrática del Congo,27,COT,Zunder Palencia,30002738,https://static.acb.com/media/PRO/00/00/50/84/02/0000508402_5-6_03.jpg
Manu Rodríguez,E,11,192,España,32,JFL,Zunder Palencia,20204069,https://static.acb.com/media/PRO/00/00/50/83/73/0000508373_5-6_03.jpg
Agustín  Ubal,B,12,198,Italia,20,JFL,Zunder Palencia,30001332,https://static.acb.com/media/PRO/00/00/51/14/60/0000511460_5-6_03.jpg
Chema González,P,15,206,España,32,JFL,Zunder Palencia,20200293,https://static.acb.com/media/PRO/00/00/50/82/72/0000508272_5-6_03.jpg
Anzejs Pasecniks,P,18,216,Letonia,27,EUR,Zunder Palencia,20211607,https://static.acb.com/media/PRO/00/00/51/04/80/0000510480_5-6_03.jpg
Tanner Leissner,AP,21,201,EE.UU.,28,EXT,Zunder Palencia,30002676,https://static.acb.com/media/PRO/00/00/50/84/79/0000508479_5-6_03.jpg
Ousmane Ndiaye,AP,46,210,Senegal,19,COT | INF,Zunder Palencia,30002069,https://static.acb.com/media/PRO/00/00/51/05/13/0000510513_5-6_03.jpg
Yannick Franke,E,0,196,Países Bajos,27,EUR,Zunder Palencia,30001847,https://static.acb.com/media/PRO/00/00/50/85/28/0000508528_5-6_03.jpg
Yannick Kraag,A,1,202,Países Bajos,20,JFL,Joventut Badalona,30000095,https://static.acb.com/media/PRO/00/00/50/42/05/0000504205_5-6_03.jpg
Pep Busquets,E,3,197,España,24,JFL,Joventut Badalona,20211754,https://static.acb.com/media/PRO/00/00/50/41/53/0000504153_5-6_03.jpg
Pau Ribas,E,4,194,España,36,JFL,Joventut Badalona,20200836,https://static.acb.com/media/PRO/00/00/50/41/30/0000504130_5-6_03.jpg
Vladimir Brodziansky,AP,10,210,Eslovaquia,29,EUR,Joventut Badalona,20212971,https://static.acb.com/media/PRO/00/00/50/41/80/0000504180_5-6_03.jpg
Jordi Rodriguez,A,11,199,España,19,JFL | INF,Joventut Badalona,30001247,https://static.acb.com/media/PRO/00/00/50/40/68/0000504068_5-6_03.jpg
Andrew Andrews,E,12,188,EE.UU.,30,EXT,Joventut Badalona,30002731,https://static.acb.com/media/PRO/00/00/50/39/19/0000503919_5-6_03.jpg
Guillem Vives,B,16,192,España,30,JFL,Joventut Badalona,20204158,https://static.acb.com/media/PRO/00/00/50/40/41/0000504041_5-6_03.jpg
Miguel Allen,A,21,203,España,20,JFL,Joventut Badalona,20212073,https://static.acb.com/media/PRO/00/00/50/40/97/0000504097_5-6_03.jpg
Andres Feliz,B,24,188,República Dominicana,26,COT,Joventut Badalona,30001114,https://static.acb.com/media/PRO/00/00/51/02/80/0000510280_5-6_03.jpg
Chinanu Onuaku,P,32,208,Nigeria,26,COT,Joventut Badalona,30002730,https://static.acb.com/media/PRO/00/00/50/39/74/0000503974_5-6_03.jpg
Ante Tomic,P,44,217,Croacia,36,EUR,Joventut Badalona,20202172,https://static.acb.com/media/PRO/00/00/50/39/43/0000503943_5-6_03.jpg
Deshaun Thomas,A,0,201,EE.UU.,32,EXT,Joventut Badalona,20211332,https://static.acb.com/media/PRO/00/00/50/40/05/0000504005_5-6_03.jpg
Ruben Prey,P,00,208,Portugal,18,JFL | INF,Joventut Badalona,30001226,https://static.acb.com/media/PRO/00/00/51/03/14/0000510314_5-6_03.jpg
Trae Bell-Haynes,B,2,188,Jamaica,28,COT,Casademont Zaragoza,30001171,https://static.acb.com/media/PRO/00/00/51/13/43/0000511343_5-6_03.jpg
Santi Yusta,A,4,200,España,26,JFL,Casademont Zaragoza,20210918,https://static.acb.com/media/PRO/00/00/50/48/83/0000504883_5-6_03.jpg
Lucas Langarita,E,5,192,España,18,JFL,Casademont Zaragoza,20213218,https://static.acb.com/media/PRO/00/00/50/47/64/0000504764_5-6_03.jpg
Miguel González,E,7,203,España,24,JFL,Casademont Zaragoza,20212476,https://static.acb.com/media/PRO/00/00/50/48/31/0000504831_5-6_03.jpg
Dejan Kravic,P,10,210,Serbia,33,EUR,Casademont Zaragoza,30000039,https://static.acb.com/media/PRO/00/00/50/46/62/0000504662_5-6_03.jpg
Obi Emegano,E,11,195,Reino Unido,30,EUR,Casademont Zaragoza,30000293,https://static.acb.com/media/PRO/00/00/50/48/56/0000504856_5-6_03.jpg
Tomasz Gielo,AP,12,205,Polonia,30,EUR,Casademont Zaragoza,20212214,https://static.acb.com/media/PRO/00/00/51/13/21/0000511321_5-6_03.jpg
Mark Smith,E,13,195,EE.UU.,24,EXT,Casademont Zaragoza,30002704,https://static.acb.com/media/PRO/00/00/50/48/01/0000504801_5-6_03.jpg
Jahlil Okafor,P,15,208,Nigeria,27,COT,Casademont Zaragoza,30002706,https://static.acb.com/media/PRO/00/00/50/47/12/0000504712_5-6_03.jpg
Emir Sulejmanovic,AP,19,205,Finlandia,28,EUR,Casademont Zaragoza,20210828,https://static.acb.com/media/PRO/00/00/50/46/81/0000504681_5-6_03.jpg
Andrea Cinciarini,B,20,193,Italia,37,EUR,Casademont Zaragoza,30002815,https://static.acb.com/media/PRO/00/00/51/12/98/0000511298_5-6_03.jpg
Felipe  Minzer,E,27,196,Argentina,16,EXT | INF,Casademont Zaragoza,30002812,/Images/Web/silueta2.gif
Youssouf Traoré,P,29,205,Malí,16,JFL | INF,Casademont Zaragoza,30002813,/Images/Web/silueta2.gif
Javi García,B,44,185,España,22,JFL,Casademont Zaragoza,20212482,https://static.acb.com/media/PRO/00/00/50/47/36/0000504736_5-6_03.jpg
Adam Smith,E,2,185,EE.UU.,30,EXT,Surne Bilbao Basket,30002057,https://static.acb.com/media/PRO/00/00/50/54/55/0000505455_5-6_03.jpg
Unai Barandalla,A,4,195,España,21,JFL | INF,Surne Bilbao Basket,20211996,https://static.acb.com/media/PRO/00/00/50/57/05/0000505705_5-6_03.jpg
Denzel Andersson,AP,5,204,Suecia,27,EUR,Surne Bilbao Basket,30001983,https://static.acb.com/media/PRO/00/00/50/55/29/0000505529_5-6_03.jpg
Sacha Killeya-Jones,P,6,212,EE.UU.,25,EXT,Surne Bilbao Basket,30002688,https://static.acb.com/media/PRO/00/00/50/56/25/0000505625_5-6_03.jpg
Tomeu Rigo,E,7,193,España,26,JFL,Surne Bilbao Basket,20211649,https://static.acb.com/media/PRO/00/00/50/56/68/0000505668_5-6_03.jpg
Álex Reyes,A,8,202,España,29,JFL,Surne Bilbao Basket,20204133,https://static.acb.com/media/PRO/00/00/50/55/02/0000505502_5-6_03.jpg
Thijs De Ridder,AP,11,203,Bélgica,20,EUR | INF,Surne Bilbao Basket,30002687,https://static.acb.com/media/PRO/00/00/50/56/48/0000505648_5-6_03.jpg
Alex Renfroe,B,12,191,Bosnia y Herzegovina,37,EUR,Surne Bilbao Basket,20210271,https://static.acb.com/media/PRO/00/00/50/54/76/0000505476_5-6_03.jpg
Melwin Pantzar,B,19,190,Suecia,23,JFL,Surne Bilbao Basket,20212357,https://static.acb.com/media/PRO/00/00/50/55/97/0000505597_5-6_03.jpg
Xavi Rabaseda,A,22,196,España,34,JFL,Surne Bilbao Basket,20203590,https://static.acb.com/media/PRO/00/00/50/57/21/0000505721_5-6_03.jpg
Tryggvi Hlinason,P,32,215,Islandia,25,EUR,Surne Bilbao Basket,20212461,https://static.acb.com/media/PRO/00/00/50/56/86/0000505686_5-6_03.jpg
Georgios Tsalmpouris,P,34,216,Grecia,27,EUR,Surne Bilbao Basket,30002108,https://static.acb.com/media/PRO/00/00/50/55/48/0000505548_5-6_03.jpg
Kristian  Kullamae,E,77,193,Estonia,24,EUR,Surne Bilbao Basket,30001225,https://static.acb.com/media/PRO/00/00/50/55/76/0000505576_5-6_03.jpg
Jaime Fernández,E,3,186,España,30,JFL,Lenovo Tenerife,20204124,https://static.acb.com/media/PRO/00/00/50/58/34/0000505834_5-6_03.jpg
Bruno Fitipaldo,B,6,183,Italia,32,EUR,Lenovo Tenerife,20212972,https://static.acb.com/media/PRO/00/00/50/57/91/0000505791_5-6_03.jpg
Marcelinho Huertas,B,9,191,Italia,40,EUR,Lenovo Tenerife,20201760,https://static.acb.com/media/PRO/00/00/51/04/36/0000510436_5-6_03.jpg
Sasu Salin,E,10,190,Finlandia,32,EUR,Lenovo Tenerife,20211597,https://static.acb.com/media/PRO/00/00/50/99/29/0000509929_5-6_03.jpg
Dusan Ristic,P,14,213,Serbia,27,EUR,Lenovo Tenerife,30001145,https://static.acb.com/media/PRO/00/00/51/04/11/0000510411_5-6_03.jpg
Joan Sastre,E,15,201,España,31,JFL,Lenovo Tenerife,20203882,https://static.acb.com/media/PRO/00/00/50/58/49/0000505849_5-6_03.jpg
Giorgi Shermadini,P,19,217,Georgia,34,EUR,Lenovo Tenerife,20210659,https://static.acb.com/media/PRO/00/00/50/99/14/0000509914_5-6_03.jpg
Tim Abromaitis,AP,21,203,EE.UU.,34,EUR,Lenovo Tenerife,20211625,https://static.acb.com/media/PRO/00/00/50/58/69/0000505869_5-6_03.jpg
Elgin Cook,A,23,196,EE.UU.,30,EXT,Lenovo Tenerife,30001916,https://static.acb.com/media/PRO/00/00/50/98/71/0000509871_5-6_03.jpg
Álex López,E,25,188,España,32,JFL,Lenovo Tenerife,20203945,https://static.acb.com/media/PRO/00/00/50/57/75/0000505775_5-6_03.jpg
Fran Guerra,P,35,214,España,30,JFL,Lenovo Tenerife,20209934,https://static.acb.com/media/PRO/00/00/50/98/92/0000509892_5-6_03.jpg
Aaron Doornekamp,AP,42,201,Países Bajos,37,EUR,Lenovo Tenerife,20212189,https://static.acb.com/media/PRO/00/00/50/57/58/0000505758_5-6_03.jpg
Edgar Vicedo,A,00,204,España,29,JFL,Lenovo Tenerife,20209139,https://static.acb.com/media/PRO/00/00/50/58/15/0000505815_5-6_03.jpg
Howard Sant-Roos,A,8,201,Cuba,32,EUR,UCAM Murcia,30002036,https://static.acb.com/media/PRO/00/00/50/64/66/0000506466_5-6_03.jpg
Troy Caupain,B,10,193,EE.UU.,27,EXT,UCAM Murcia,30002651,https://static.acb.com/media/PRO/00/00/50/65/20/0000506520_5-6_03.jpg
Nemanja Radovic,AP,11,208,Montenegro,31,EUR,UCAM Murcia,20211263,https://static.acb.com/media/PRO/00/00/50/63/06/0000506306_5-6_03.jpg
Thad McFadden,E,12,188,Georgia,36,EUR,UCAM Murcia,20212959,https://static.acb.com/media/PRO/00/00/50/64/46/0000506446_5-6_03.jpg
Wilhelm Falk,E,13,203,Suecia,20,JFL | INF,UCAM Murcia,30000649,https://static.acb.com/media/PRO/00/00/50/64/91/0000506491_5-6_03.jpg
Dustin Sleva,AP,14,203,EE.UU.,28,EXT,UCAM Murcia,30002665,https://static.acb.com/media/PRO/00/00/50/64/01/0000506401_5-6_03.jpg
Jordan Sakho,P,18,207,Rep. Democrática del Congo,26,JFL,UCAM Murcia,20212244,https://static.acb.com/media/PRO/00/00/50/64/23/0000506423_5-6_03.jpg
Moussa Diagne,P,21,211,España,29,JFL,UCAM Murcia,20210278,https://static.acb.com/media/PRO/00/00/50/63/48/0000506348_5-6_03.jpg
Ludde Hakanson,B,22,189,Suecia,27,JFL,UCAM Murcia,20210498,https://static.acb.com/media/PRO/00/00/50/65/67/0000506567_5-6_03.jpg
David Jelínek,A,25,194,Chequia,33,JFL,UCAM Murcia,20203834,https://static.acb.com/media/PRO/00/00/50/63/76/0000506376_5-6_03.jpg
Dylan Ennis,E,31,188,Serbia,31,EUR,UCAM Murcia,20212941,https://static.acb.com/media/PRO/00/00/50/66/05/0000506605_5-6_03.jpg
Simon Birgander,P,35,209,Suecia,25,EUR,UCAM Murcia,20212423,https://static.acb.com/media/PRO/00/00/50/65/39/0000506539_5-6_03.jpg
Rodions Kurucs,A,00,203,Letonia,25,JFL,UCAM Murcia,20211797,https://static.acb.com/media/PRO/00/00/50/79/16/0000507916_5-6_03.jpg
Anthony Polite,E,2,198,Suiza,26,EUR,Río Breogán,30002698,https://static.acb.com/media/PRO/00/00/50/86/13/0000508613_5-6_03.jpg
Matej  Rudan,AP,6,208,Croacia,22,EUR,Río Breogán,30002675,https://static.acb.com/media/PRO/00/00/50/87/28/0000508728_5-6_03.jpg
Matas Jogela,A,8,201,Lituania,25,EUR,Río Breogán,30002699,https://static.acb.com/media/PRO/00/00/50/87/12/0000508712_5-6_03.jpg
Stefan  Momirov,A,9,198,Serbia,23,EUR,Río Breogán,30001889,https://static.acb.com/media/PRO/00/00/50/88/21/0000508821_5-6_03.jpg
Sergi García,B,10,193,España,26,JFL,Río Breogán,20210685,https://static.acb.com/media/PRO/00/00/50/87/82/0000508782_5-6_03.jpg
Albert Ventura,E,14,192,España,31,JFL,Río Breogán,20200247,https://static.acb.com/media/PRO/00/00/50/85/97/0000508597_5-6_03.jpg
Martynas Sajus,P,19,208,Lituania,27,EUR,Río Breogán,30000272,https://static.acb.com/media/PRO/00/00/50/86/93/0000508693_5-6_03.jpg
Juan Fernández,P,21,210,España,20,JFL,Río Breogán,30000138,https://static.acb.com/media/PRO/00/00/50/86/71/0000508671_5-6_03.jpg
Erik Quintela,B,23,184,España,32,JFL,Río Breogán,30001182,https://static.acb.com/media/PRO/00/00/50/86/39/0000508639_5-6_03.jpg
Zan Sisko,B,31,191,Eslovenia,26,EUR,Río Breogán,30002701,https://static.acb.com/media/PRO/00/00/50/88/40/0000508840_5-6_03.jpg
Mouhamet Diouf,P,35,208,Italia,22,EUR,Río Breogán,30002700,https://static.acb.com/media/PRO/00/00/50/87/60/0000508760_5-6_03.jpg
Sergi Quintela,E,42,185,España,27,JFL,Río Breogán,30000013,https://static.acb.com/media/PRO/00/00/50/87/98/0000508798_5-6_03.jpg
Dimitrios Agravanis,P,55,208,Grecia,28,EUR,Río Breogán,30002759,https://static.acb.com/media/PRO/00/00/51/01/00/0000510100_5-6_03.jpg
Travante Williams,E,1,193,Portugal,30,EUR,BAXI Manresa,30002739,https://static.acb.com/media/PRO/00/00/50/54/17/0000505417_5-6_03.jpg
Guillem Jou,E,5,195,España,26,JFL,BAXI Manresa,20210815,https://static.acb.com/media/PRO/00/00/50/53/09/0000505309_5-6_03.jpg
Dani García,B,6,185,España,25,JFL,BAXI Manresa,30000015,https://static.acb.com/media/PRO/00/00/50/52/55/0000505255_5-6_03.jpg
Brandon Taylor,B,11,178,EE.UU.,29,EXT,BAXI Manresa,30002740,https://static.acb.com/media/PRO/00/00/50/52/38/0000505238_5-6_03.jpg
Marcis Steinbergs,AP,12,208,Letonia,22,EUR,BAXI Manresa,30000133,https://static.acb.com/media/PRO/00/00/50/53/68/0000505368_5-6_03.jpg
Musa Sagnia,A,13,201,Gambia,20,JFL,BAXI Manresa,30000645,https://static.acb.com/media/PRO/00/00/50/53/96/0000505396_5-6_03.jpg
Elias Valtonen,A,19,200,Finlandia,24,EUR,BAXI Manresa,30001214,https://static.acb.com/media/PRO/00/00/51/13/81/0000511381_5-6_03.jpg
Juampi Vaulet,A,22,199,Polonia,27,EUR,BAXI Manresa,30000025,https://static.acb.com/media/PRO/00/00/50/53/34/0000505334_5-6_03.jpg
Martinas  Geben,P,23,208,Lituania,28,EUR,BAXI Manresa,30002443,https://static.acb.com/media/PRO/00/00/50/53/81/0000505381_5-6_03.jpg
Jonas  Zohore,P,33,210,Dinamarca,32,EUR,BAXI Manresa,30002814,https://static.acb.com/media/PRO/00/00/50/53/36/0000505336_5-6_03.jpg
Dani Pérez,B,55,184,España,33,JFL,BAXI Manresa,20203826,https://static.acb.com/media/PRO/00/00/50/52/72/0000505272_5-6_03.jpg
Brancou Badio,B,0,191,Senegal,24,COT,BAXI Manresa,30000107,https://static.acb.com/media/PRO/00/00/50/52/21/0000505221_5-6_03.jpg
Devin Robinson,AP,00,203,EE.UU.,28,EXT,BAXI Manresa,30002444,https://static.acb.com/media/PRO/00/00/50/52/85/0000505285_5-6_03.jpg
Jovan Kljajic,E,3,195,Montenegro,22,JFL,Dreamland Gran Canaria,20212462,https://static.acb.com/media/PRO/00/00/50/45/02/0000504502_5-6_03.jpg
AJ Slaughter,E,4,191,Polonia,36,EUR,Dreamland Gran Canaria,30000031,https://static.acb.com/media/PRO/00/00/50/43/64/0000504364_5-6_03.jpg
Ferran Bassas,B,5,181,España,31,JFL,Dreamland Gran Canaria,20200243,https://static.acb.com/media/PRO/00/00/50/44/64/0000504464_5-6_03.jpg
Andrew Albicy,B,6,178,Francia,33,EUR,Dreamland Gran Canaria,20212190,https://static.acb.com/media/PRO/00/00/50/43/84/0000504384_5-6_03.jpg
Roko Prkacin,AP,8,206,Croacia,20,EUR | INF,Dreamland Gran Canaria,30001980,https://static.acb.com/media/PRO/00/00/50/45/83/0000504583_5-6_03.jpg
Nico Brussino,A,9,205,Italia,30,EUR,Dreamland Gran Canaria,20212648,https://static.acb.com/media/PRO/00/00/50/45/43/0000504543_5-6_03.jpg
Miquel Salvó,A,10,205,España,28,JFL,Dreamland Gran Canaria,20212441,https://static.acb.com/media/PRO/00/00/50/45/23/0000504523_5-6_03.jpg
Pierre Pelos,AP,13,205,Francia,31,EUR,Dreamland Gran Canaria,30002718,https://static.acb.com/media/PRO/00/00/50/45/66/0000504566_5-6_03.jpg
John Shurna,P,14,204,Lituania,33,EUR,Dreamland Gran Canaria,20210670,https://static.acb.com/media/PRO/00/00/50/44/85/0000504485_5-6_03.jpg
Sylven Landesberg,A,15,198,Austria,33,EUR,Dreamland Gran Canaria,20212438,https://static.acb.com/media/PRO/00/00/50/46/19/0000504619_5-6_03.jpg
Rubén López De La Torre,AP,16,201,España,21,JFL,Dreamland Gran Canaria,30000132,https://static.acb.com/media/PRO/00/00/50/46/00/0000504600_5-6_03.jpg
Dylan Bordon,B,21,191,Italia,18,EUR | INF,Dreamland Gran Canaria,30002042,https://static.acb.com/media/PRO/00/00/50/44/20/0000504420_5-6_03.jpg
Ethan Happ,P,22,208,EE.UU.,27,EXT,Dreamland Gran Canaria,30001954,https://static.acb.com/media/PRO/00/00/50/44/47/0000504447_5-6_03.jpg
Ben Lammers,P,44,208,EE.UU.,27,EXT,Dreamland Gran Canaria,30000062,https://static.acb.com/media/PRO/00/00/50/44/02/0000504402_5-6_03.jpg
Oscar Da Silva,AP,1,206,Alemania,25,EUR,Barça,30001950,https://static.acb.com/media/PRO/00/00/50/61/83/0000506183_5-6_03.jpg
Oriol Paulí,A,3,201,España,29,JFL,Barça,20209098,https://static.acb.com/media/PRO/00/00/50/61/61/0000506161_5-6_03.jpg
Jan  Vesely,P,6,210,Chequia,33,EUR,Barça,30001949,https://static.acb.com/media/PRO/00/00/50/60/56/0000506056_5-6_03.jpg
Darío Brizuela,E,8,188,España,28,JFL,Barça,20209919,https://static.acb.com/media/PRO/00/00/50/59/64/0000505964_5-6_03.jpg
Nikola Kalinic,A,10,202,Serbia,31,EUR,Barça,30000314,https://static.acb.com/media/PRO/00/00/50/61/41/0000506141_5-6_03.jpg
Tomas Satoransky,B,13,201,Chequia,31,EUR,Barça,20202163,https://static.acb.com/media/PRO/00/00/50/62/11/0000506211_5-6_03.jpg
Willy Hernangómez,P,14,210,España,29,JFL,Barça,20209187,https://static.acb.com/media/PRO/00/00/50/62/33/0000506233_5-6_03.jpg
Nico Laprovittola,B,20,190,Italia,33,EUR,Barça,20211947,https://static.acb.com/media/PRO/00/00/50/61/19/0000506119_5-6_03.jpg
Álex Abrines,E,21,198,España,30,JFL,Barça,20209223,https://static.acb.com/media/PRO/00/00/50/59/23/0000505923_5-6_03.jpg
Jabari Parker,AP,22,203,EE.UU.,28,EXT,Barça,30002721,https://static.acb.com/media/PRO/00/00/50/60/10/0000506010_5-6_03.jpg
James Nnaji,P,23,212,Nigeria,19,JFL | INF,Barça,30001353,https://static.acb.com/media/PRO/00/00/50/60/32/0000506032_5-6_03.jpg
Michael Caicedo,E,24,199,España,20,JFL | INF,Barça,30000925,https://static.acb.com/media/PRO/00/00/50/61/02/0000506102_5-6_03.jpg
Rokas Jokubaitis,B,31,193,Lituania,22,EUR,Barça,30001217,https://static.acb.com/media/PRO/00/00/50/89/12/0000508912_5-6_03.jpg
Joel Parra,A,44,202,España,23,JFL,Barça,20212265,https://static.acb.com/media/PRO/00/00/50/60/79/0000506079_5-6_03.jpg
Cristiano Felicio,P,1,211,Brasil,31,EXT,Coviran Granada,30002033,https://static.acb.com/media/PRO/00/00/51/00/15/0000510015_5-6_03.jpg
Kwan Cheatham,AP,5,206,EE.UU.,28,EUR,Coviran Granada,30000927,https://static.acb.com/media/PRO/00/00/50/34/68/0000503468_5-6_03.jpg
Artur  Konontsuk,AP,9,202,Estonia,23,EUR,Coviran Granada,30002714,https://static.acb.com/media/PRO/00/00/50/33/15/0000503315_5-6_03.jpg
Germán Martínez,E,10,189,España,25,JFL,Coviran Granada,30002727,https://static.acb.com/media/PRO/00/00/50/34/21/0000503421_5-6_03.jpg
Evaldas  Kairys,P,12,207,Lituania,32,EUR,Coviran Granada,30002715,https://static.acb.com/media/PRO/00/00/50/34/01/0000503401_5-6_03.jpg
Christian Díaz,B,14,184,España,31,JFL,Coviran Granada,20208873,https://static.acb.com/media/PRO/00/00/50/33/39/0000503339_5-6_03.jpg
Lluis Costa,B,15,187,España,30,JFL,Coviran Granada,20209470,https://static.acb.com/media/PRO/00/00/50/34/89/0000503489_5-6_03.jpg
Pere Tomàs,A,19,200,España,34,JFL,Coviran Granada,20203675,https://static.acb.com/media/PRO/00/00/50/35/19/0000503519_5-6_03.jpg
David Iriarte,AP,21,205,España,28,JFL,Coviran Granada,20210716,https://static.acb.com/media/PRO/00/00/50/33/65/0000503365_5-6_03.jpg
Rokas  Gustys,P,27,206,Lituania,29,EUR,Coviran Granada,30002822,https://static.acb.com/media/PRO/00/00/51/14/29/0000511429_5-6_03.jpg
Joe Thomasson,E,32,193,EE.UU.,30,EXT,Coviran Granada,30001127,https://static.acb.com/media/PRO/00/00/50/34/41/0000503441_5-6_03.jpg
David Kramer,A,44,196,Alemania,26,EUR,Coviran Granada,30002716,https://static.acb.com/media/PRO/00/00/51/00/42/0000510042_5-6_03.jpg
Yiftach Ziv,B,99,191,Israel,28,EUR,Coviran Granada,30002717,https://static.acb.com/media/PRO/00/00/50/35/48/0000503548_5-6_03.jpg
